test_id,seed,num_threads,threads_per_core,algorithm,num_users,ramp,avg_cpu,stdev_cpu
1,128,60,off,static-rr,100,60,14.314236363636365,4.535293044373992
2,128,60,off,static-rr,100,60,13.441121212121212,3.68553008984581
3,128,60,off,static-rr,100,60,13.860727272727273,4.983765934768805
4,128,60,off,static-rr,100,60,14.020363636363635,4.725804693382916
5,128,60,off,static-rr,100,60,13.54910606060606,4.850487067763017
6,128,60,off,static-rr,100,60,12.937636363636363,3.7106757198009985
7,128,60,off,static-rr,100,60,13.392963636363636,3.6743326079778877
8,128,60,off,static-rr,100,60,13.622772727272727,5.050370288681884
9,128,60,off,static-rr,100,60,13.40309090909091,4.791042201014392
10,128,60,off,static-rr,100,60,14.034181818181818,4.749442403113851
11,128,60,off,static-rr,500,60,62.87924242424243,16.69049416998191
12,128,60,off,static-rr,500,60,55.0568021978022,20.62681548681615
13,128,60,off,static-rr,500,60,62.475272727272724,16.837500371502017
14,128,60,off,static-rr,500,60,61.25698484848485,15.4762245753749
15,128,60,off,static-rr,500,60,61.014257575757576,16.590141693577955
16,128,60,off,static-rr,500,60,61.209242424242426,17.195461159305246
17,128,60,off,static-rr,500,60,60.98974242424242,16.08759833931513
18,128,60,off,static-rr,500,60,24.997015094339623,40.958619451885085
19,128,60,off,static-rr,500,60,61.064136363636365,14.098781080860286
20,128,60,off,static-rr,500,60,59.49703030303031,15.964286162024083
21,128,60,off,static-rr,1000,60,29.616068071705428,38.98216161869665
22,128,60,off,static-rr,1000,60,29.59890909090909,39.148677600529226
23,128,60,off,static-rr,1000,60,30.141029030765672,38.74982356369443
24,128,60,off,static-rr,1000,60,28.234578075984665,39.40728465756194
25,128,60,off,static-rr,1000,60,29.56136688197299,38.98481004248724
26,128,60,off,static-rr,1000,60,39.25568708609271,41.9031484738774
27,128,60,off,static-rr,1000,60,28.371220122815306,39.39113047626131
28,128,60,off,static-rr,1000,60,29.409482342219185,39.09571169381017
29,128,60,off,static-rr,1000,60,30.457005049938278,38.88032071173518
30,128,60,off,static-rr,1000,60,38.12968478260869,39.6507639410348
31,128,60,off,static-rr,1500,60,43.663206658112344,37.34768021491326
32,128,60,off,static-rr,1500,60,40.734966227625804,39.65755016372492
33,128,60,off,static-rr,1500,60,33.016373333333334,37.451941913384886
34,128,60,off,static-rr,1500,60,42.26051318181818,40.60201310193439
35,128,60,off,static-rr,1500,60,40.51276936346386,40.03077312770538
36,128,60,off,static-rr,1500,60,39.710646202910105,38.61286516201578
37,128,60,off,static-rr,1500,60,40.92925076188833,40.76076977946424
38,128,60,off,static-rr,1500,60,39.90418841733985,39.764164648709325
39,128,60,off,static-rr,1500,60,39.766972067039106,39.11827365761986
40,128,60,off,static-rr,1500,60,40.8288156424581,39.73540680137705
41,128,60,off,static-rr,2000,60,43.296469109113666,37.98873288212134
42,128,60,off,static-rr,2000,60,43.28793254645662,38.80745722751562
43,128,60,off,static-rr,2000,60,44.73516312056738,39.352447006563644
44,128,60,off,static-rr,2000,60,46.5852,41.52099898781603
45,128,60,off,static-rr,2000,60,43.100208277219515,38.76158469767545
46,128,60,off,static-rr,2000,60,44.68151322751323,39.39347540014804
47,128,60,off,static-rr,2000,60,44.13266513349194,38.94545957741352
48,128,60,off,static-rr,2000,60,44.553082313978955,39.258080356365284
49,128,60,off,static-rr,2000,60,44.17492220035222,39.27553986740413
50,128,60,off,static-rr,2000,60,43.427420459389054,39.375532712922784
51,128,60,off,static-rr,2500,60,45.62705633321953,37.3572588636985
52,128,60,off,static-rr,2500,60,45.98313577235772,36.85027256891588
53,128,60,off,static-rr,2500,60,47.634920606649395,37.708094683224274
54,128,60,off,static-rr,2500,60,46.37507614213198,36.81878686757002
55,128,60,off,static-rr,2500,60,45.98359615384616,37.284043358226086
56,128,60,off,static-rr,2500,60,47.30076923076923,37.58713991834559
57,128,60,off,static-rr,2500,60,46.32003408699079,36.93558479517471
58,128,60,off,static-rr,2500,60,47.912587064676615,38.31872325807137
59,128,60,off,static-rr,2500,60,46.32535461856118,38.07862680350877
60,128,60,off,static-rr,2500,60,45.94511266352695,36.47043986080418
61,128,60,off,static-rr,3000,60,48.93150510962467,35.882208168514836
62,128,60,off,static-rr,3000,60,50.10267194029851,36.159390317079094
63,128,60,off,static-rr,3000,60,49.68745431542142,36.88043175881359
64,128,60,off,static-rr,3000,60,48.443360993392574,35.52018091198292
65,128,60,off,static-rr,3000,60,49.19403620511305,35.15667793131577
66,128,60,off,static-rr,3000,60,47.35279529456051,36.56512851682365
67,128,60,off,static-rr,3000,60,48.92985221674877,35.884121484887544
68,128,60,off,static-rr,3000,60,48.417922746781116,37.87277574567662
69,128,60,off,static-rr,3000,60,47.011534091779666,35.64419013265649
70,128,60,off,static-rr,3000,60,46.3190480349345,36.161152883614534
71,128,60,off,static-rr,3500,60,52.01854149098022,34.74910343737826
72,128,60,off,static-rr,3500,60,49.902235555555556,34.76032437675439
73,128,60,off,static-rr,3500,60,52.40093535745048,35.448010523605944
74,128,60,off,static-rr,3500,60,52.32878489671823,35.49801285413168
75,128,60,off,static-rr,3500,60,52.62536893203884,34.154251838516224
76,128,60,off,static-rr,3500,60,51.15140587833219,33.431377072363915
77,128,60,off,static-rr,3500,60,52.45962019744961,36.74296576109717
78,128,60,off,static-rr,3500,60,51.64858422184196,34.39705910799624
79,128,60,off,static-rr,3500,60,50.66524854425872,34.60746947323538
80,128,60,off,static-rr,3500,60,51.23453270259152,35.38587053082058
81,128,60,off,static-rr,4000,60,54.10929587834838,34.40911475400009
82,128,60,off,static-rr,4000,60,53.62225499482019,35.05538982758894
83,128,60,off,static-rr,4000,60,52.42619246861925,33.87319846912352
84,128,60,off,static-rr,4000,60,56.39919694391002,33.26780871625328
85,128,60,off,static-rr,4000,60,56.64932240963856,34.49183564411785
86,128,60,off,static-rr,4000,60,56.08328315911731,35.20543165111817
87,128,60,off,static-rr,4000,60,57.0329387755102,34.30425180220796
88,128,60,off,static-rr,4000,60,55.36859961645746,33.770139470276305
89,128,60,off,static-rr,4000,60,55.880152456239415,33.8242254518226
90,128,60,off,static-rr,4000,60,56.39727563279681,34.30569696471951
